<?xml version="1.0" encoding="utf-8"?>
<!--/1537623/1120058/2.50/6/2/Connector/-->
<quadcept_library>
  <setting unit="mil" />
  <textstyle name="Default" height="47.244094488189" strokewidth="7.8740157480315" charwidth="47.244094488189" />
  <textstyle name="Dimension" height="19.6850393700787" strokewidth="0" charwidth="19.6850393700787" />
  <textstyle name="H127W0635TH00762" height="50" strokewidth="3" charwidth="25" />
  <textstyle name="H15W15TH02" height="59.0551181102362" strokewidth="7.8740157480315" charwidth="59.0551181102362" />
  <padstyle name="c143.1_h92" surface="False" plated="True" isvia="False" nopaste="True" nomask="True" complex="False" holesize="36.220472440944">
    <padshape layer="TOP" shape="round" width="56.338582677165" height="56.338582677165" />
    <padshape layer="TOP_SOLDER_MASK" shape="round" width="64.212598425196" height="64.212598425196" />
    <padshape layer="INNER" shape="round" width="56.338582677165" height="56.338582677165" />
    <padshape layer="BOTTOM" shape="round" width="56.338582677165" height="56.338582677165" />
    <padshape layer="BOTTOM_SOLDER_MASK" shape="round" width="64.212598425196" height="64.212598425196" />
  </padstyle>
  <padstyle name="s143.1_h92" surface="False" plated="True" isvia="False" nopaste="True" nomask="True" complex="False" holesize="36.220472440944">
    <padshape layer="TOP" shape="square" width="56.338582677165" height="56.338582677165" />
    <padshape layer="TOP_SOLDER_MASK" shape="square" width="64.212598425196" height="64.212598425196" />
    <padshape layer="INNER" shape="square" width="56.338582677165" height="56.338582677165" />
    <padshape layer="BOTTOM" shape="square" width="56.338582677165" height="56.338582677165" />
    <padshape layer="BOTTOM_SOLDER_MASK" shape="square" width="64.212598425196" height="64.212598425196" />
  </padstyle>
  <padstyle name="c345_h230" surface="False" plated="True" isvia="False" nopaste="True" nomask="True" complex="False" holesize="90.551181102361">
    <padshape layer="TOP" shape="round" width="135.82677165354" height="135.82677165354" />
    <padshape layer="TOP_SOLDER_MASK" shape="round" width="143.70078740157" height="143.70078740157" />
    <padshape layer="INNER" shape="round" width="135.82677165354" height="135.82677165354" />
    <padshape layer="BOTTOM" shape="round" width="135.82677165354" height="135.82677165354" />
    <padshape layer="BOTTOM_SOLDER_MASK" shape="round" width="143.70078740157" height="143.70078740157" />
  </padstyle>
  <footprint name="617291011BLF" originx="0" originy="0" pickpointx="0" pickpointy="0">
    <pcbpin number="1" name="1" style="s143.1_h92" originx="0" originy="0" rotation="90" />
    <pcbpin number="2" name="2" style="c143.1_h92" originx="-98.425196850392" originy="0" rotation="90" />
    <pcbpin number="3" name="3" style="c143.1_h92" originx="-98.425196850392" originy="-78.740157480314" rotation="90" />
    <pcbpin number="4" name="4" style="c143.1_h92" originx="0" originy="-78.740157480314" rotation="90" />
    <pcbpin number="5" name="MH1" style="c345_h230" originx="187.79527559055" originy="-185.43307086614" rotation="90" />
    <pcbpin number="6" name="MH2" style="c345_h230" originx="-286.22047244094" originy="-185.43307086614" rotation="90" />
    <line layer="TOP_ASSEMBLY" originx="-289.37007874015" originy="39.763779527559" endx="190.94488188976" endy="39.763779527559" width="3.9370078740157" />
    <line layer="TOP_ASSEMBLY" originx="190.94488188976" originy="39.763779527559" endx="190.94488188976" endy="-590.15748031495" width="3.9370078740157" />
    <line layer="TOP_ASSEMBLY" originx="190.94488188976" originy="-590.15748031495" endx="-289.37007874015" endy="-590.15748031495" width="3.9370078740157" />
    <line layer="TOP_ASSEMBLY" originx="-289.37007874015" originy="-590.15748031495" endx="-289.37007874015" endy="39.763779527559" width="3.9370078740157" />
    <line layer="TOP_PLACE_BOUND" originx="-393.50393700787" originy="79.133858267716" endx="295.07874015748" endy="79.133858267716" width="3.9370078740157" />
    <line layer="TOP_PLACE_BOUND" originx="295.07874015748" originy="79.133858267716" endx="295.07874015748" endy="-629.52755905511" width="3.9370078740157" />
    <line layer="TOP_PLACE_BOUND" originx="295.07874015748" originy="-629.52755905511" endx="-393.50393700787" endy="-629.52755905511" width="3.9370078740157" />
    <line layer="TOP_PLACE_BOUND" originx="-393.50393700787" originy="-629.52755905511" endx="-393.50393700787" endy="79.133858267716" width="3.9370078740157" />
    <line layer="TOP_SILKSCREEN" originx="-289.37007874015" originy="-109.84251968504" endx="-289.37007874015" endy="39.763779527559" width="7.8740157480314" />
    <line layer="TOP_SILKSCREEN" originx="-289.37007874015" originy="39.763779527559" endx="190.94488188976" endy="39.763779527559" width="7.8740157480314" />
    <line layer="TOP_SILKSCREEN" originx="190.94488188976" originy="39.763779527559" endx="190.94488188976" endy="-109.84251968504" width="7.8740157480314" />
    <line layer="TOP_SILKSCREEN" originx="190.94488188976" originy="-263.38582677165" endx="190.94488188976" endy="-590.15748031495" width="7.8740157480314" />
    <line layer="TOP_SILKSCREEN" originx="190.94488188976" originy="-590.15748031495" endx="-289.37007874015" endy="-590.15748031495" width="7.8740157480314" />
    <line layer="TOP_SILKSCREEN" originx="-289.37007874015" originy="-590.15748031495" endx="-289.37007874015" endy="-263.38582677165" width="7.8740157480314" />
    <line layer="TOP_SILKSCREEN" originx="0" originy="59.055118110235" endx="0" endy="59.055118110235" width="3.9370078740157" />
    <arc layer="TOP_SILKSCREEN" originx="1.6391087961985E-15" originy="61.023622047243" startangle="-90.0" sweepangle="180.0" radius="1.9685039370079" width="3.9370078740157" />
    <line layer="TOP_SILKSCREEN" originx="0" originy="62.992125984251" endx="0" endy="62.992125984251" width="3.9370078740157" />
    <arc layer="TOP_SILKSCREEN" originx="1.6391087961985E-15" originy="61.023622047243" startangle="90.0" sweepangle="180.0" radius="1.9685039370079" width="3.9370078740157" />
  </footprint>
  <symbol name="61729-1011BLF" originx="0" originy="0">
    <line originx="200" originy="100" endx="700" endy="100" width="0" />
    <line originx="700" originy="-300" endx="700" endy="100" width="0" />
    <line originx="700" originy="-300" endx="200" endy="-300" width="0" />
    <line originx="200" originy="100" endx="200" endy="-300" width="0" />
    <sympin number="1" originx="200" originy="0" rotation="180" length="100" width="7.8740157480315" flipped="False">
      <text name="pinname" originx="230" originy="0" style="Default" rotation="0" justify="left" flipped="False" hidden="False" data="1" />
      <text name="pindes" originx="140" originy="20" style="Default" rotation="0" justify="lowerright" flipped="False" hidden="False" data="1" />
    </sympin>
    <sympin number="2" originx="200" originy="-100" rotation="180" length="100" width="7.8740157480315" flipped="False">
      <text name="pinname" originx="230" originy="-100" style="Default" rotation="0" justify="left" flipped="False" hidden="False" data="2" />
      <text name="pindes" originx="140" originy="-80" style="Default" rotation="0" justify="lowerright" flipped="False" hidden="False" data="2" />
    </sympin>
    <sympin number="3" originx="200" originy="-200" rotation="180" length="100" width="7.8740157480315" flipped="False">
      <text name="pinname" originx="230" originy="-200" style="Default" rotation="0" justify="left" flipped="False" hidden="False" data="3" />
      <text name="pindes" originx="140" originy="-180" style="Default" rotation="0" justify="lowerright" flipped="False" hidden="False" data="3" />
    </sympin>
    <sympin number="4" originx="700" originy="0" rotation="0" length="100" width="7.8740157480315" flipped="False">
      <text name="pinname" originx="670" originy="0" style="Default" rotation="0" justify="right" flipped="False" hidden="False" data="4" />
      <text name="pindes" originx="760" originy="20" style="Default" rotation="0" justify="lowerleft" flipped="False" hidden="False" data="4" />
    </sympin>
    <sympin number="5" originx="700" originy="-100" rotation="0" length="100" width="7.8740157480315" flipped="False">
      <text name="pinname" originx="670" originy="-100" style="Default" rotation="0" justify="right" flipped="False" hidden="False" data="MH1" />
      <text name="pindes" originx="760" originy="-80" style="Default" rotation="0" justify="lowerleft" flipped="False" hidden="False" data="MH1" />
    </sympin>
    <sympin number="6" originx="700" originy="-200" rotation="0" length="100" width="7.8740157480315" flipped="False">
      <text name="pinname" originx="670" originy="-200" style="Default" rotation="0" justify="right" flipped="False" hidden="False" data="MH2" />
      <text name="pindes" originx="760" originy="-180" style="Default" rotation="0" justify="lowerleft" flipped="False" hidden="False" data="MH2" />
    </sympin>
  </symbol>
  <component name="61729-1011BLF" designatorprefix="J" height="452.75590551181" footprint="617291011BLF">
    <comppin designator="1" sympin="1" pinswap="0" gateswap="0" gate="1" group="1" side="" type="Any" name="1" />
    <comppin designator="2" sympin="2" pinswap="0" gateswap="0" gate="1" group="1" side="" type="Any" name="2" />
    <comppin designator="3" sympin="3" pinswap="0" gateswap="0" gate="1" group="1" side="" type="Any" name="3" />
    <comppin designator="4" sympin="4" pinswap="0" gateswap="0" gate="1" group="1" side="" type="Any" name="4" />
    <comppin designator="MH1" sympin="5" pinswap="0" gateswap="0" gate="1" group="1" side="" type="Any" name="MH1" />
    <comppin designator="MH2" sympin="6" pinswap="0" gateswap="0" gate="1" group="1" side="" type="Any" name="MH2" />
    <attached_symbol gate="1" name="61729-1011BLF" />
    <pinmap designator="1" footprintpin="1" />
    <pinmap designator="2" footprintpin="2" />
    <pinmap designator="3" footprintpin="3" />
    <pinmap designator="4" footprintpin="4" />
    <pinmap designator="MH1" footprintpin="5" />
    <pinmap designator="MH2" footprintpin="6" />
    <text name="Datasheet" originx="0" originy="0" style="Default" rotation="0" justify="" flipped="False" hidden="True" data="https://www.amphenol-cs.com/media/wysiwyg/files/drawing/61729.pdf" />
    <text name="Description" originx="0" originy="0" style="Default" rotation="0" justify="" flipped="False" hidden="True" data="USB-B (USB TYPE-B) USB 2.0 Receptacle Connector 4 Position Through Hole, Right Angle" />
    <text name="Mouser Part Number" originx="0" originy="0" style="Default" rotation="0" justify="" flipped="False" hidden="True" data="649-61729-1011BLF" />
    <text name="Mouser Price/Stock" originx="0" originy="0" style="Default" rotation="0" justify="" flipped="False" hidden="True" data="https://www.mouser.co.uk/ProductDetail/Amphenol-FCI/61729-1011BLF?qs=zxzm42eeoPNCjU%2FpHflioA%3D%3D" />
    <text name="Manufacturer_Name" originx="0" originy="0" style="Default" rotation="0" justify="" flipped="False" hidden="True" data="Amphenol Communications Solutions" />
    <text name="Manufacturer_Part_Number" originx="750" originy="200" style="Default" rotation="0" justify="left" flipped="False" hidden="False" data="61729-1011BLF" />
  </component>
</quadcept_library>
