<?xml version="1.0" encoding="utf-8"?>
<!--/784646/1120058/2.50/2/2/Loudspeaker or Buzzer/-->
<quadcept_library>
  <setting unit="mil" />
  <textstyle name="Default" height="47.244094488189" strokewidth="7.8740157480315" charwidth="47.244094488189" />
  <textstyle name="Dimension" height="19.6850393700787" strokewidth="0" charwidth="19.6850393700787" />
  <textstyle name="H127W0635TH00762" height="50" strokewidth="3" charwidth="25" />
  <textstyle name="H15W15TH02" height="59.0551181102362" strokewidth="7.8740157480315" charwidth="59.0551181102362" />
  <padstyle name="c141_h91" surface="False" plated="True" isvia="False" nopaste="True" nomask="True" complex="False" holesize="35.826771653543">
    <padshape layer="TOP" shape="round" width="55.511811023621" height="55.511811023621" />
    <padshape layer="TOP_SOLDER_MASK" shape="round" width="63.385826771653" height="63.385826771653" />
    <padshape layer="INNER" shape="round" width="55.511811023621" height="55.511811023621" />
    <padshape layer="BOTTOM" shape="round" width="55.511811023621" height="55.511811023621" />
    <padshape layer="BOTTOM_SOLDER_MASK" shape="round" width="63.385826771653" height="63.385826771653" />
  </padstyle>
  <footprint name="SD1209T5-A1" originx="0" originy="0" pickpointx="0" pickpointy="0">
    <pcbpin number="1" name="1" style="c141_h91" originx="-98.425196850392" originy="0" rotation="90" />
    <pcbpin number="2" name="2" style="c141_h91" originx="98.425196850392" originy="0" rotation="90" />
    <arc layer="TOP_SILKSCREEN" originx="-236.22047244094" originy="0" startangle="180" sweepangle="180" radius="0" width="3.9370078740157" />
    <arc layer="TOP_SILKSCREEN" originx="-236.22047244094" originy="0" startangle="180" sweepangle="-180" radius="0" width="3.9370078740157" />
    <arc layer="TOP_SILKSCREEN" originx="-236.22047244094" originy="0" startangle="180" sweepangle="180" radius="0" width="3.9370078740157" />
    <arc layer="TOP_SILKSCREEN" originx="-236.22047244094" originy="0" startangle="180" sweepangle="-180" radius="0" width="3.9370078740157" />
  </footprint>
  <symbol name="SD1209T5-A1" originx="0" originy="0">
    <line originx="200" originy="50" endx="280" endy="50" width="0" />
    <line originx="380" originy="150" endx="280" endy="50" width="0" />
    <line originx="380" originy="150" endx="380" endy="-250" width="0" />
    <line originx="280" originy="-150" endx="380" endy="-250" width="0" />
    <line originx="280" originy="-150" endx="200" endy="-150" width="0" />
    <line originx="200" originy="50" endx="200" endy="-150" width="0" />
    <sympin number="2" originx="200" originy="0" rotation="180" length="100" width="7.8740157480315" flipped="False">
      <text name="pinname" originx="210" originy="0" style="Default" rotation="0" justify="left" flipped="False" hidden="False" data="2" />
      <text name="pindes" originx="140" originy="20" style="Default" rotation="0" justify="lowerright" flipped="False" hidden="False" data="2" />
    </sympin>
    <sympin number="2" originx="200" originy="-100" rotation="180" length="100" width="7.8740157480315" flipped="False">
      <text name="pinname" originx="210" originy="-100" style="Default" rotation="0" justify="left" flipped="False" hidden="False" data="" />
      <text name="pindes" originx="140" originy="-80" style="Default" rotation="0" justify="lowerright" flipped="False" hidden="False" data="" />
    </sympin>
  </symbol>
  <component name="SD1209T5-A1" designatorprefix="LS" height="0" footprint="SD1209T5-A1">
    <comppin designator="1" sympin="1" pinswap="0" gateswap="0" gate="1" group="1" side="" type="Any" name="1" />
    <comppin designator="2" sympin="2" pinswap="0" gateswap="0" gate="1" group="1" side="" type="Any" name="2" />
    <attached_symbol gate="1" name="SD1209T5-A1" />
    <pinmap designator="1" footprintpin="1" />
    <pinmap designator="2" footprintpin="2" />
    <text name="Datasheet" originx="0" originy="0" style="Default" rotation="0" justify="" flipped="False" hidden="True" data="https://product.tdk.com/system/files/dam/doc/product/sw_piezo/sw_piezo/em-buzzer/catalog/electromagnetic_buzzer_sd_en.pdf" />
    <text name="Description" originx="0" originy="0" style="Default" rotation="0" justify="" flipped="False" hidden="True" data="Electromagnetic Buzzers, Sound Pressure Level=80dB min, Freq.=2048Hz nom" />
    <text name="Manufacturer_Name" originx="0" originy="0" style="Default" rotation="0" justify="" flipped="False" hidden="True" data="TDK" />
    <text name="Manufacturer_Part_Number" originx="450" originy="-100" style="Default" rotation="0" justify="left" flipped="False" hidden="False" data="SD1209T5-A1" />
    <text name="Mouser Part Number" originx="0" originy="0" style="Default" rotation="0" justify="" flipped="False" hidden="True" data="810-SD1209T5-A1" />
    <text name="Mouser Price/Stock" originx="0" originy="0" style="Default" rotation="0" justify="" flipped="False" hidden="True" data="https://www.mouser.co.uk/ProductDetail/TDK/SD1209T5-A1?qs=6QK9sRmt5TllZYgulSSkFw%3D%3D" />
    <text name="Arrow Part Number" originx="0" originy="0" style="Default" rotation="0" justify="" flipped="False" hidden="True" data="SD1209T5-A1" />
    <text name="Arrow Price/Stock" originx="0" originy="0" style="Default" rotation="0" justify="" flipped="False" hidden="True" data="https://www.arrow.com/en/products/sd1209t5-a1/tdk?region=nac" />
  </component>
</quadcept_library>
